id;status;created_by;created_at
1;tool;anenst suffice;2026-04-02T19:59:14
2;our deny jaunty;awkwardly;2026-04-02T14:57:10
3;stage disk;mmm bah that;2026-04-02T03:54:14
4;chainstay;questionable mu;2026-04-02T08:37:58
5;than thorough;cease;2026-04-02T18:15:18
6;circumnavigate unnaturally;waterspout repo;2026-04-02T15:47:45
7;entire injunction;ouch ick big;2026-04-02T05:02:33
8;very ugly;aha presume;2026-04-02T17:48:16
9;gadzooks how;stigmatize inst;2026-04-02T05:51:22
10;gown;helpless;2026-04-02T06:12:28
