id;serial_box;serial_pallet;updated_at;updated_by
1;gosh;independence;2025-11-23T19:05:11;barring mask overdub
2;ick;receptor chime plus;2025-11-23T09:57:15;dispose upbeat accidentally
3;whoa;unwritten;2025-11-23T17:48:18;availability morbidity
4;huzzah;apud;2025-11-23T17:05:26;ruin anguished after
5;kissingly inveigle wonderfully;solemnly shrill;2025-11-23T23:41:51;circa jacket impressionable
6;commonly;planula;2025-11-24T00:33:48;in
7;avaricious playfully;unto humble colorfully;2025-11-23T14:54:22;jaunty
8;curl ecstatic;noon;2025-11-23T19:01:28;apropos notwithstanding finally
9;huzzah ugh quarrel;congregate;2025-11-23T23:28:39;who
10;yahoo gosh or;spook inasmuch;2025-11-23T12:53:54;beyond before hard-to-find
