id;reel_id;part_number;vendor;lot;user_data_1;user_data_2;user_data_3;user_data_4;user_data_5;initial_quantity;msd_level;msd_initial_floor_time;msd_bag_seal_date;market_usage;quantity_override;shelf_time;sp_material_name;warning_limit;maximum_limit;comments;warmup_time;storage_unit;sub_storage_unit;location_override;expiration_date;manufacturing_date;part_class;sap_code;vendor_qr_code;status;created_by;created_at;updated_by;updated_at
1;instead near;sniff;joyously arid frilly;above hungrily with;into handy like;fail;ultimately;chunder once libel;unless over unethica;6127;emboss crushing hm;bah quantify excepti;where;far;21560;customise always eek;before;table healthily fran;definitive slink;unwilling ouch;pro extension arroga;youthfully;until fray instead;fooey anneal;although yowza inasm;distorted ah vibraph;that hypothesize reo;even;annual;mantua jealously;qua;2026-03-08T14:30:53;upset unaccountably;2026-03-08T07:56:14
2;huzzah;officially sans;growing courageously;dulcimer dependency;to colorfully than;nor;boo lonely;dual coagulate fooey;reorganisation moor ;18680;psst;wherever equally;gosh eek truly;amount;8721;politely woot of;boohoo recovery;whose considering;culture satirise;busily agreeable inside;interestingly;yak aha willing;right slip;admired modulo;since;following;and unknown;as coast that;impassioned ack pilot;aha actually;anaesthetise plain g;2026-03-08T14:00:45;gum harangue;2026-03-08T08:19:52
3;afore;but downshift;without;under woot short-term;amid orderly about;junior dampen;with omelet curiously;hence mmm even;amid direct;25758;whether tangible;ecliptic;scheme;developing armchair ;9344;yeast;oof;vet;daily;drag;equally dimly;overdue;never;hierarchy;celebrated row march;chase regarding expe;boo triumphantly tha;mould save;instantly;without axe veto;circumference;2026-03-08T07:50:17;decriminalize back;2026-03-08T21:08:51
4;educated toward;rosy festival;reboot deduce overpl;forenenst whoa off;drat whereas;fun broadcast source;newsstand velvety;gee responsibility;careless;13712;contractor hmph furt;charming wherever;writ;archaeology rudely;31349;airport;rally toothpick;juicy;bleakly harangue;fill;so off sizzle;um near;clearly hopeful ha;frightfully ugh;which usually accomp;habit;amid greedily;loosely knottily alt;seldom fiercely;joyfully inasmuch hopeful;massage urgently;2026-03-08T19:56:01;bah knottily;2026-03-08T07:18:32
5;experienced;through slowly yum;dearly questionably ;bob aw;posh yippee;variable because;tensely among;provided while becau;gulp of blah;23869;gadzooks coal remark;worth;ugh impassioned prom;where;11015;shakily;whether beside final;loudly;circa bah;upon unexpectedly;than orange;slimy;as;modulo;against aha miskey;mummify yum;honestly sweet;oh cork that;potentially;without devoted;amid tenant voluntar;2026-03-08T21:00:45;lashes ew aw;2026-03-08T14:52:43
6;around behind gadzooks;polished playfully;expert;about reluctantly beside;so hastily;pro limping hence;pro;uh-huh;where;25413;known what provision;because;per;incidentally;11987;singe;by following tarry;major wisely;afore oblong but;aha pfft airline;swim;till thoroughly who;mmm terraform;meaningfully;discourse yum onto;tail corral;heavily;stack after;adjourn gripper scientific;atop reiterate gadzooks;pry;2026-03-08T09:06:21;worth gosh;2026-03-08T10:43:40
7;house;brace nifty what;lifestyle;inasmuch kookily;redound plus;approach yuck stint;finally;hmph courageously if;claw whereas;8234;but woefully frantic;colour;pro swing;furthermore trolley;2965;curiously;same;judgementally optimi;step;individual woot;confound tusk orange;blindly frivolous vi;storyboard;smoggy;er decouple fibre;finally whether yipp;excluding via absent;qua role sans;ick heavily ah;or near;linseed towards clam;2026-03-08T01:26:58;ugh;2026-03-08T07:08:53
8;zowie;worth orange;whoever;toward scary;huzzah;ick even legitimize;underneath acclaimed beloved;weakly cemetery eek;plain after;8825;boohoo;imaginary swordfish ;generally;overcoat;1894;whoever;oddly off dowse;but tensely frightfu;like enhance lest;hastily intently;grubby;nor;amid thyme hmph;jury ack;drag;wholly drat;yippee;provided quickly;gadzooks until anti;usually;gracious eternity su;2026-03-08T15:25:38;guest dependent;2026-03-08T04:03:51
9;amazing elastic weary;unless whoever mmm;about woot if;airbrush;outstanding roundabo;along dredger;solace unfortunately exaggerate;congregate unto wave;connect lest reserva;24631;gee eek geez;apud;as iterate;who eek;16674;apud pave;yowza key ah;briskly instead howe;while coal;tennis imaginative;maul cannibalise les;abaft as er;drat buzzing;although;ceramic little;aha;lest;whoever;ah clamour;phew abaft to;forenenst knavishly;2026-03-08T19:34:30;disclosure agreement;2026-03-08T08:29:29
10;euphonium unless;rightfully depart;whereas above;acquire;absentmindedly;as manage solidly;and quantify;boo;gradient inexperienc;31028;even gadzooks till;serialize pantyhose;runway who;behind negligible tr;25422;unto;ugh sustenance selfi;brr;below secret;stealthily maul;behind major if;yet fund;subtract newsprint s;wherever really gee;pigsty afore;furthermore around m;for;ha;expensive valuable slowly;instead optimal intermix;briefly unless;2026-03-08T03:26:32;numb;2026-03-08T23:29:44
